<?xml version = '1.0' encoding = 'UTF-8'?>
<Entity class="oracle.dbtools.crest.model.design.logical.Entity" directorySegmentName="seg_0" id="06D153E2-24B8-F256-4810-E2ED58D7E243" name="TRUCK">
<createdBy>NyanCarrot</createdBy>
<createdTime>2023-04-29 14:01:35 UTC</createdTime>
<ownerDesignName>cui_logical</ownerDesignName>
<engineerTo>
<item key="F4064628-04B3-F9ED-EDB3-9D7CAE07A28C" value="true"/>
</engineerTo>
<adequatelyNormalized>NO</adequatelyNormalized>
<expectedVolumes>0</expectedVolumes>
<fwdEngineeringStrategyName>Single Table</fwdEngineeringStrategyName>
<growthPercent>0</growthPercent>
<growthType>Year</growthType>
<maxVolumes>9999999</maxVolumes>
<minVolumes>0</minVolumes>
<normalForm>Third</normalForm>
<attributes itemClass="oracle.dbtools.crest.model.design.logical.Attribute">
<Attribute name="truck_vin" id="61645AF2-85CD-4CC3-DE29-9E95DD0BD0F2">
<createdBy>NyanCarrot</createdBy>
<createdTime>2023-04-29 14:02:49 UTC</createdTime>
<commentInRDBMS><![CDATA[truck vin]]></commentInRDBMS>
<ownerDesignName>cui_logical</ownerDesignName>
<engineerTo>
<item key="F4064628-04B3-F9ED-EDB3-9D7CAE07A28C" value="true"/>
</engineerTo>
<useDomainConstraints>false</useDomainConstraints>
<use>1</use>
<logicalDatatype>LOGDT025</logicalDatatype>
<dataTypeSize>17</dataTypeSize>
<ownDataTypeParameters>17,,</ownDataTypeParameters>
</Attribute>
<Attribute name="truck_rego_no" id="1FA7867C-2A2F-CBF8-0891-CCE9E8BC8E9F">
<createdBy>NyanCarrot</createdBy>
<createdTime>2023-04-29 14:04:07 UTC</createdTime>
<commentInRDBMS><![CDATA[truck rego number]]></commentInRDBMS>
<ownerDesignName>cui_logical</ownerDesignName>
<engineerTo>
<item key="F4064628-04B3-F9ED-EDB3-9D7CAE07A28C" value="true"/>
</engineerTo>
<useDomainConstraints>false</useDomainConstraints>
<use>1</use>
<logicalDatatype>LOGDT025</logicalDatatype>
<dataTypeSize>10</dataTypeSize>
<ownDataTypeParameters>10,,</ownDataTypeParameters>
</Attribute>
<Attribute name="truck_make" id="A651E0CE-256C-1BFD-3B68-E922F6BCF6DC">
<createdBy>NyanCarrot</createdBy>
<createdTime>2023-04-29 14:06:18 UTC</createdTime>
<commentInRDBMS><![CDATA[truck make]]></commentInRDBMS>
<ownerDesignName>cui_logical</ownerDesignName>
<engineerTo>
<item key="F4064628-04B3-F9ED-EDB3-9D7CAE07A28C" value="true"/>
</engineerTo>
<useDomainConstraints>false</useDomainConstraints>
<use>1</use>
<logicalDatatype>LOGDT024</logicalDatatype>
<dataTypeSize>75</dataTypeSize>
<ownDataTypeParameters>75,,</ownDataTypeParameters>
</Attribute>
<Attribute name="truck_model" id="9D87DB9A-7247-888F-8590-F714A3214A56">
<createdBy>NyanCarrot</createdBy>
<createdTime>2023-04-29 14:06:49 UTC</createdTime>
<commentInRDBMS><![CDATA[truck model]]></commentInRDBMS>
<ownerDesignName>cui_logical</ownerDesignName>
<engineerTo>
<item key="F4064628-04B3-F9ED-EDB3-9D7CAE07A28C" value="true"/>
</engineerTo>
<useDomainConstraints>false</useDomainConstraints>
<use>1</use>
<logicalDatatype>LOGDT024</logicalDatatype>
<dataTypeSize>100</dataTypeSize>
<ownDataTypeParameters>100,,</ownDataTypeParameters>
</Attribute>
<Attribute name="truck_year" id="A9C4D91E-B87B-8E3C-2194-E805C9DFF5FE">
<createdBy>NyanCarrot</createdBy>
<createdTime>2023-04-29 14:07:15 UTC</createdTime>
<commentInRDBMS><![CDATA[truck year manufactored]]></commentInRDBMS>
<ownerDesignName>cui_logical</ownerDesignName>
<engineerTo>
<item key="F4064628-04B3-F9ED-EDB3-9D7CAE07A28C" value="true"/>
</engineerTo>
<useDomainConstraints>false</useDomainConstraints>
<use>1</use>
<logicalDatatype>LOGDT019</logicalDatatype>
<dataTypePrecision>4</dataTypePrecision>
<ownDataTypeParameters>,4,</ownDataTypeParameters>
</Attribute>
</attributes>
<identifiers itemClass="oracle.dbtools.crest.model.design.logical.CandidateKey">
<identifier id="1CCC15AB-A8A9-1F1B-7402-5F755D5805FA" name="TRUCK PK">
<createdBy>NyanCarrot</createdBy>
<createdTime>2023-04-29 14:04:09 UTC</createdTime>
<ownerDesignName>cui_logical</ownerDesignName>
<engineerTo>
<item key="F4064628-04B3-F9ED-EDB3-9D7CAE07A28C" value="true"/>
</engineerTo>
<pk>true</pk>
<usedAttributes>
<attributeRef>61645AF2-85CD-4CC3-DE29-9E95DD0BD0F2</attributeRef>
</usedAttributes>
</identifier>
</identifiers>
</Entity>
