<?xml version = '1.0' encoding = 'UTF-8'?>
<Entity class="oracle.dbtools.crest.model.design.logical.Entity" directorySegmentName="seg_0" id="38972BCB-4D9A-B860-D16C-AD121A6076E9" name="STREET">
<createdBy>NyanCarrot</createdBy>
<createdTime>2023-04-28 08:25:20 UTC</createdTime>
<ownerDesignName>cui_logical</ownerDesignName>
<engineerTo>
<item key="F4064628-04B3-F9ED-EDB3-9D7CAE07A28C" value="true"/>
</engineerTo>
<adequatelyNormalized>NO</adequatelyNormalized>
<expectedVolumes>0</expectedVolumes>
<fwdEngineeringStrategyName>Single Table</fwdEngineeringStrategyName>
<growthPercent>0</growthPercent>
<growthType>Year</growthType>
<maxVolumes>9999999</maxVolumes>
<minVolumes>0</minVolumes>
<normalForm>Third</normalForm>
<attributes itemClass="oracle.dbtools.crest.model.design.logical.Attribute">
<Attribute name="street_id" id="7A37A6AB-0740-C810-E073-CEE89B19B7D1">
<createdBy>NyanCarrot</createdBy>
<createdTime>2023-04-28 08:25:32 UTC</createdTime>
<commentInRDBMS><![CDATA[street id]]></commentInRDBMS>
<ownerDesignName>cui_logical</ownerDesignName>
<engineerTo>
<item key="F4064628-04B3-F9ED-EDB3-9D7CAE07A28C" value="true"/>
</engineerTo>
<useDomainConstraints>false</useDomainConstraints>
<use>1</use>
<logicalDatatype>LOGDT025</logicalDatatype>
<dataTypeSize>3</dataTypeSize>
<ownDataTypeParameters>3,,</ownDataTypeParameters>
</Attribute>
<Attribute name="auth_name" id="220D47E1-A1F8-9103-6F1E-31A562D15078">
<createdBy>NyanCarrot</createdBy>
<createdTime>2023-04-28 08:36:46 UTC</createdTime>
<commentInRDBMS><![CDATA[authority name]]></commentInRDBMS>
<generatorID>8FDD9B10-5DA6-99C0-27DE-24AE3C5E270D</generatorID>
<ownerDesignName>cui_logical</ownerDesignName>
<engineerTo>
<item key="F4064628-04B3-F9ED-EDB3-9D7CAE07A28C" value="true"/>
</engineerTo>
<referedAttribute>41B92A95-0393-CAF9-FD98-22421068BE5A</referedAttribute>
<useDomainConstraints>false</useDomainConstraints>
<use>1</use>
<logicalDatatype>LOGDT024</logicalDatatype>
<dataTypeSize>75</dataTypeSize>
<ownDataTypeParameters>75,,</ownDataTypeParameters>
</Attribute>
<Attribute name="street_name" id="05A604EF-4CDA-6700-010A-E336B512BB66">
<createdBy>NyanCarrot</createdBy>
<createdTime>2023-04-28 08:25:58 UTC</createdTime>
<commentInRDBMS><![CDATA[street name]]></commentInRDBMS>
<ownerDesignName>cui_logical</ownerDesignName>
<engineerTo>
<item key="F4064628-04B3-F9ED-EDB3-9D7CAE07A28C" value="true"/>
</engineerTo>
<useDomainConstraints>false</useDomainConstraints>
<use>1</use>
<logicalDatatype>LOGDT024</logicalDatatype>
<dataTypeSize>100</dataTypeSize>
<ownDataTypeParameters>100,,</ownDataTypeParameters>
</Attribute>
<Attribute name="street_length" id="A6FA36A6-1998-7653-C3C6-5AFC4B6C7D77">
<createdBy>NyanCarrot</createdBy>
<createdTime>2023-04-28 08:26:23 UTC</createdTime>
<commentInRDBMS><![CDATA[street length ]]></commentInRDBMS>
<ownerDesignName>cui_logical</ownerDesignName>
<engineerTo>
<item key="F4064628-04B3-F9ED-EDB3-9D7CAE07A28C" value="true"/>
</engineerTo>
<useDomainConstraints>false</useDomainConstraints>
<use>1</use>
<logicalDatatype>LOGDT019</logicalDatatype>
<dataTypePrecision>6</dataTypePrecision>
<dataTypeScale>3</dataTypeScale>
<ownDataTypeParameters>,6,3</ownDataTypeParameters>
</Attribute>
<Attribute name="street_road_type" id="F52FFAFD-9183-90CD-2AA1-6A9167FB0EE5">
<createdBy>NyanCarrot</createdBy>
<createdTime>2023-04-28 08:26:54 UTC</createdTime>
<commentInRDBMS><![CDATA[street road type]]></commentInRDBMS>
<ownerDesignName>cui_logical</ownerDesignName>
<engineerTo>
<item key="F4064628-04B3-F9ED-EDB3-9D7CAE07A28C" value="true"/>
</engineerTo>
<constraintName>street_road_type_chk</constraintName>
<useDomainConstraints>false</useDomainConstraints>
<use>1</use>
<logicalDatatype>LOGDT025</logicalDatatype>
<dataTypeSize>1</dataTypeSize>
<listOfValues>
<valueDef value="A" description="Asphalt"/>
<valueDef value="C" description="Concrete"/>
<valueDef value="U" description="Unsealed"/>
</listOfValues>
<ownDataTypeParameters>1,,</ownDataTypeParameters>
</Attribute>
<Attribute name="street_num_lanes" id="B16EB969-BFEA-ECB1-9B34-9D85A4B0B8A9">
<createdBy>NyanCarrot</createdBy>
<createdTime>2023-04-28 08:27:58 UTC</createdTime>
<commentInRDBMS><![CDATA[street number of lanes]]></commentInRDBMS>
<ownerDesignName>cui_logical</ownerDesignName>
<engineerTo>
<item key="F4064628-04B3-F9ED-EDB3-9D7CAE07A28C" value="true"/>
</engineerTo>
<useDomainConstraints>false</useDomainConstraints>
<use>1</use>
<logicalDatatype>LOGDT019</logicalDatatype>
<dataTypePrecision>3</dataTypePrecision>
<ownDataTypeParameters>,3,</ownDataTypeParameters>
</Attribute>
</attributes>
<identifiers itemClass="oracle.dbtools.crest.model.design.logical.CandidateKey">
<identifier id="571A1B2B-C905-D184-817F-68226BFB8913" name="STREET PK">
<createdBy>NyanCarrot</createdBy>
<createdTime>2023-04-28 08:25:42 UTC</createdTime>
<ownerDesignName>cui_logical</ownerDesignName>
<engineerTo>
<item key="F4064628-04B3-F9ED-EDB3-9D7CAE07A28C" value="true"/>
</engineerTo>
<pk>true</pk>
<usedAttributes>
<attributeRef>7A37A6AB-0740-C810-E073-CEE89B19B7D1</attributeRef>
<attributeRef>220D47E1-A1F8-9103-6F1E-31A562D15078</attributeRef>
</usedAttributes>
</identifier>
</identifiers>
</Entity>
