<?xml version = '1.0' encoding = 'UTF-8'?>
<Entity class="oracle.dbtools.crest.model.design.logical.Entity" directorySegmentName="seg_0" id="7EE4DCD0-0562-04C8-3C86-9848528500F5" name="PROP_OWNER">
<createdBy>NyanCarrot</createdBy>
<createdTime>2023-05-02 03:32:07 UTC</createdTime>
<ownerDesignName>cui_logical</ownerDesignName>
<engineerTo>
<item key="F4064628-04B3-F9ED-EDB3-9D7CAE07A28C" value="true"/>
</engineerTo>
<adequatelyNormalized>NO</adequatelyNormalized>
<expectedVolumes>0</expectedVolumes>
<fwdEngineeringStrategyName>Single Table</fwdEngineeringStrategyName>
<growthPercent>0</growthPercent>
<growthType>Year</growthType>
<maxVolumes>9999999</maxVolumes>
<minVolumes>0</minVolumes>
<normalForm>Third</normalForm>
<attributes itemClass="oracle.dbtools.crest.model.design.logical.Attribute">
<Attribute name="prop_owner_id" id="BD3D596C-08AB-B9FA-A5CA-9AF82F0F91CB">
<createdBy>NyanCarrot</createdBy>
<createdTime>2023-05-02 03:32:19 UTC</createdTime>
<commentInRDBMS><![CDATA[property owner id(deed id)]]></commentInRDBMS>
<ownerDesignName>cui_logical</ownerDesignName>
<engineerTo>
<item key="F4064628-04B3-F9ED-EDB3-9D7CAE07A28C" value="true"/>
</engineerTo>
<useDomainConstraints>false</useDomainConstraints>
<use>1</use>
<logicalDatatype>LOGDT019</logicalDatatype>
<dataTypePrecision>7</dataTypePrecision>
<ownDataTypeParameters>,7,</ownDataTypeParameters>
</Attribute>
<Attribute name="prop_street_num" id="524E2C21-DC4F-530E-972F-6E4B012603BA">
<createdBy>NyanCarrot</createdBy>
<createdTime>2023-05-02 03:33:03 UTC</createdTime>
<commentInRDBMS><![CDATA[property street number ]]></commentInRDBMS>
<generatorID>8D64F347-BA10-1765-3441-BFF7ECB8F44C</generatorID>
<ownerDesignName>cui_logical</ownerDesignName>
<engineerTo>
<item key="F4064628-04B3-F9ED-EDB3-9D7CAE07A28C" value="true"/>
</engineerTo>
<referedAttribute>D73DAAFD-710B-2A19-929F-24C58AF47D51</referedAttribute>
<useDomainConstraints>false</useDomainConstraints>
<use>1</use>
<logicalDatatype>LOGDT025</logicalDatatype>
<dataTypeSize>3</dataTypeSize>
<ownDataTypeParameters>,,</ownDataTypeParameters>
</Attribute>
<Attribute name="street_id" id="EA5E2367-E4DC-8F3B-0CD0-973C6D85790F">
<createdBy>NyanCarrot</createdBy>
<createdTime>2023-05-02 03:33:03 UTC</createdTime>
<commentInRDBMS><![CDATA[street id]]></commentInRDBMS>
<generatorID>8D64F347-BA10-1765-3441-BFF7ECB8F44C</generatorID>
<ownerDesignName>cui_logical</ownerDesignName>
<engineerTo>
<item key="F4064628-04B3-F9ED-EDB3-9D7CAE07A28C" value="true"/>
</engineerTo>
<referedAttribute>62F47D14-49CF-1B9A-075E-EB5D02EA682A</referedAttribute>
<useDomainConstraints>false</useDomainConstraints>
<use>1</use>
<logicalDatatype>LOGDT025</logicalDatatype>
<dataTypeSize>3</dataTypeSize>
<ownDataTypeParameters>,,</ownDataTypeParameters>
</Attribute>
<Attribute name="auth_name" id="E5CB1BCE-668B-9736-FD27-AB1C63374BE3">
<createdBy>NyanCarrot</createdBy>
<createdTime>2023-05-02 03:33:03 UTC</createdTime>
<commentInRDBMS><![CDATA[authority name]]></commentInRDBMS>
<generatorID>8D64F347-BA10-1765-3441-BFF7ECB8F44C</generatorID>
<ownerDesignName>cui_logical</ownerDesignName>
<engineerTo>
<item key="F4064628-04B3-F9ED-EDB3-9D7CAE07A28C" value="true"/>
</engineerTo>
<referedAttribute>BA97D7E0-D914-F1D4-224E-070F97077E4A</referedAttribute>
<useDomainConstraints>false</useDomainConstraints>
<use>1</use>
<logicalDatatype>LOGDT024</logicalDatatype>
<dataTypeSize>75</dataTypeSize>
<ownDataTypeParameters>,,</ownDataTypeParameters>
</Attribute>
<Attribute name="owner_id" id="376F9EAE-4C3A-7D12-D57B-31A2B3CCBF64">
<createdBy>NyanCarrot</createdBy>
<createdTime>2023-05-02 03:33:32 UTC</createdTime>
<commentInRDBMS><![CDATA[owner id]]></commentInRDBMS>
<generatorID>1B0F915C-7DD7-A79C-C0CA-41E610D8F638</generatorID>
<ownerDesignName>cui_logical</ownerDesignName>
<engineerTo>
<item key="F4064628-04B3-F9ED-EDB3-9D7CAE07A28C" value="true"/>
</engineerTo>
<referedAttribute>5A69C830-7504-4628-C33B-29E83278D8FF</referedAttribute>
<useDomainConstraints>false</useDomainConstraints>
<use>1</use>
<logicalDatatype>LOGDT025</logicalDatatype>
<dataTypeSize>20</dataTypeSize>
<ownDataTypeParameters>,,</ownDataTypeParameters>
</Attribute>
</attributes>
<identifiers itemClass="oracle.dbtools.crest.model.design.logical.CandidateKey">
<identifier id="6A91CAE6-773B-C09E-A7D5-EAA3F912BD18" name="DEED PK">
<createdBy>NyanCarrot</createdBy>
<createdTime>2023-05-02 03:32:49 UTC</createdTime>
<ownerDesignName>cui_logical</ownerDesignName>
<engineerTo>
<item key="F4064628-04B3-F9ED-EDB3-9D7CAE07A28C" value="true"/>
</engineerTo>
<pk>true</pk>
<usedAttributes>
<attributeRef>BD3D596C-08AB-B9FA-A5CA-9AF82F0F91CB</attributeRef>
</usedAttributes>
</identifier>
</identifiers>
</Entity>
