<?xml version = '1.0' encoding = 'UTF-8'?>
<Entity class="oracle.dbtools.crest.model.design.logical.Entity" directorySegmentName="seg_0" id="8630FEE1-CE30-148F-ABAB-91699A756BB3" name="BIN_TYPE">
<createdBy>wongenxin</createdBy>
<createdTime>2023-04-29 08:07:57 UTC</createdTime>
<ownerDesignName>cui_logical</ownerDesignName>
<engineerTo>
<item key="F4064628-04B3-F9ED-EDB3-9D7CAE07A28C" value="true"/>
</engineerTo>
<adequatelyNormalized>NO</adequatelyNormalized>
<expectedVolumes>0</expectedVolumes>
<fwdEngineeringStrategyName>Single Table</fwdEngineeringStrategyName>
<growthPercent>0</growthPercent>
<growthType>Year</growthType>
<maxVolumes>9999999</maxVolumes>
<minVolumes>0</minVolumes>
<normalForm>Third</normalForm>
<attributes itemClass="oracle.dbtools.crest.model.design.logical.Attribute">
<Attribute name="bt_size" id="40DFF54A-7E14-E321-A692-A8ABA4893C30">
<createdBy>wongenxin</createdBy>
<createdTime>2023-04-29 08:11:21 UTC</createdTime>
<commentInRDBMS><![CDATA[Bin type size]]></commentInRDBMS>
<ownerDesignName>cui_logical</ownerDesignName>
<engineerTo>
<item key="F4064628-04B3-F9ED-EDB3-9D7CAE07A28C" value="true"/>
</engineerTo>
<useDomainConstraints>false</useDomainConstraints>
<use>1</use>
<logicalDatatype>LOGDT019</logicalDatatype>
<dataTypePrecision>3</dataTypePrecision>
<ownDataTypeParameters>,3,</ownDataTypeParameters>
</Attribute>
<Attribute name="waste_type_id" id="1AA228DC-61D5-A81B-97EB-B8C4620F4068">
<createdBy>wongenxin</createdBy>
<createdTime>2023-04-29 08:32:23 UTC</createdTime>
<commentInRDBMS><![CDATA[Waste type id]]></commentInRDBMS>
<generatorID>9F06AA67-1762-1518-539D-9D9139442010</generatorID>
<ownerDesignName>cui_logical</ownerDesignName>
<engineerTo>
<item key="F4064628-04B3-F9ED-EDB3-9D7CAE07A28C" value="true"/>
</engineerTo>
<referedAttribute>F36BC4C9-5AF3-DD69-3205-9A8B2291B0E2</referedAttribute>
<useDomainConstraints>false</useDomainConstraints>
<use>1</use>
<logicalDatatype>LOGDT025</logicalDatatype>
<dataTypeSize>3</dataTypeSize>
<ownDataTypeParameters>,,</ownDataTypeParameters>
</Attribute>
<Attribute name="bt_supply_cost" id="0DB28A12-3EE5-81DD-DAB4-ADC716021481">
<createdBy>wongenxin</createdBy>
<createdTime>2023-04-29 08:13:03 UTC</createdTime>
<commentInRDBMS><![CDATA[Bin Type supply cost]]></commentInRDBMS>
<ownerDesignName>cui_logical</ownerDesignName>
<engineerTo>
<item key="F4064628-04B3-F9ED-EDB3-9D7CAE07A28C" value="true"/>
</engineerTo>
<useDomainConstraints>false</useDomainConstraints>
<use>1</use>
<logicalDatatype>LOGDT019</logicalDatatype>
<dataTypePrecision>7</dataTypePrecision>
<dataTypeScale>2</dataTypeScale>
<ownDataTypeParameters>,7,2</ownDataTypeParameters>
</Attribute>
</attributes>
<identifiers itemClass="oracle.dbtools.crest.model.design.logical.CandidateKey">
<identifier id="0A282216-29B8-4047-2D01-2793B386AC55" name="BIN_TYPE PK">
<createdBy>wongenxin</createdBy>
<createdTime>2023-04-29 08:10:17 UTC</createdTime>
<ownerDesignName>cui_logical</ownerDesignName>
<engineerTo>
<item key="F4064628-04B3-F9ED-EDB3-9D7CAE07A28C" value="true"/>
</engineerTo>
<pk>true</pk>
<usedAttributes>
<attributeRef>40DFF54A-7E14-E321-A692-A8ABA4893C30</attributeRef>
<attributeRef>1AA228DC-61D5-A81B-97EB-B8C4620F4068</attributeRef>
</usedAttributes>
</identifier>
</identifiers>
</Entity>
