<?xml version = '1.0' encoding = 'UTF-8'?>
<Entity class="oracle.dbtools.crest.model.design.logical.Entity" directorySegmentName="seg_0" id="FD1C7FBD-DFE7-ADD5-CEA9-4C3ED642C26B" name="WASTE_TYPE">
<createdBy>wongenxin</createdBy>
<createdTime>2023-04-29 08:14:17 UTC</createdTime>
<ownerDesignName>cui_logical</ownerDesignName>
<engineerTo>
<item key="F4064628-04B3-F9ED-EDB3-9D7CAE07A28C" value="true"/>
</engineerTo>
<adequatelyNormalized>NO</adequatelyNormalized>
<expectedVolumes>0</expectedVolumes>
<fwdEngineeringStrategyName>Single Table</fwdEngineeringStrategyName>
<growthPercent>0</growthPercent>
<growthType>Year</growthType>
<maxVolumes>9999999</maxVolumes>
<minVolumes>0</minVolumes>
<normalForm>Third</normalForm>
<attributes itemClass="oracle.dbtools.crest.model.design.logical.Attribute">
<Attribute name="waste_type_id" id="F36BC4C9-5AF3-DD69-3205-9A8B2291B0E2">
<createdBy>wongenxin</createdBy>
<createdTime>2023-04-29 08:15:58 UTC</createdTime>
<commentInRDBMS><![CDATA[Waste type id]]></commentInRDBMS>
<ownerDesignName>cui_logical</ownerDesignName>
<engineerTo>
<item key="F4064628-04B3-F9ED-EDB3-9D7CAE07A28C" value="true"/>
</engineerTo>
<constraintName>Waste_type_id</constraintName>
<useDomainConstraints>false</useDomainConstraints>
<use>1</use>
<logicalDatatype>LOGDT025</logicalDatatype>
<dataTypeSize>3</dataTypeSize>
<listOfValues>
<valueDef value="G" description="Glass"/>
<valueDef value="GW" description="Green waste"/>
<valueDef value="LF" description="Landfill"/>
<valueDef value="SR" description="Standard recycle"/>
</listOfValues>
<ownDataTypeParameters>3,,</ownDataTypeParameters>
</Attribute>
<Attribute name="waste_type_description" id="EE96EAD2-2231-2F00-A236-B5C2B74F7200">
<createdBy>wongenxin</createdBy>
<createdTime>2023-04-29 08:17:32 UTC</createdTime>
<commentInRDBMS><![CDATA[Waste type description]]></commentInRDBMS>
<ownerDesignName>cui_logical</ownerDesignName>
<engineerTo>
<item key="F4064628-04B3-F9ED-EDB3-9D7CAE07A28C" value="true"/>
</engineerTo>
<useDomainConstraints>false</useDomainConstraints>
<use>1</use>
<logicalDatatype>LOGDT025</logicalDatatype>
<dataTypeSize>50</dataTypeSize>
<ownDataTypeParameters>50,,</ownDataTypeParameters>
</Attribute>
</attributes>
<identifiers itemClass="oracle.dbtools.crest.model.design.logical.CandidateKey">
<identifier id="E533E546-F407-6253-AC73-8C6185BF81B5" name="WASTE_TYPE PK">
<createdBy>wongenxin</createdBy>
<createdTime>2023-04-29 08:17:16 UTC</createdTime>
<ownerDesignName>cui_logical</ownerDesignName>
<engineerTo>
<item key="F4064628-04B3-F9ED-EDB3-9D7CAE07A28C" value="true"/>
</engineerTo>
<pk>true</pk>
<usedAttributes>
<attributeRef>F36BC4C9-5AF3-DD69-3205-9A8B2291B0E2</attributeRef>
</usedAttributes>
</identifier>
</identifiers>
</Entity>
