<?xml version = '1.0' encoding = 'UTF-8'?>
<Relation class="oracle.dbtools.crest.model.design.logical.Relation" name="CONTRCT_BIN_CONTRACT" directorySegmentName="seg_0" id="9D31722E-3CD1-17BF-BEBC-C6CF87FB8E01">
<createdBy>NyanCarrot</createdBy>
<createdTime>2023-05-02 02:23:01 UTC</createdTime>
<ownerDesignName>cui_logical</ownerDesignName>
<engineerTo>
<item key="F4064628-04B3-F9ED-EDB3-9D7CAE07A28C" value="true"/>
</engineerTo>
<sourcePk>D8B29540-2E20-33CC-4C10-9044B0361CC9</sourcePk>
<identifying>true</identifying>
<nameOnSource>requires</nameOnSource>
<nameOnTarget> </nameOnTarget>
<optionalSource>true</optionalSource>
<optionalTarget>false</optionalTarget>
<sourceCardinality>1</sourceCardinality>
<sourceEntity>86DD9720-AFA1-440B-60F0-4F713AA17ECB</sourceEntity>
<targetCardinalityString>1</targetCardinalityString>
<targetEntity>419DA418-1529-4092-1C3C-18522F51F296</targetEntity>
<transferable>true</transferable>
<deleteRule>NO ACTION</deleteRule>
</Relation>
