<?xml version = '1.0' encoding = 'UTF-8'?>
<Relation class="oracle.dbtools.crest.model.design.logical.Relation" name="BIN_CONTRACT_BIN" directorySegmentName="seg_0" id="FB04804B-BDA9-E685-D208-A2DD456DAA02">
<createdBy>NyanCarrot</createdBy>
<createdTime>2023-05-02 02:29:18 UTC</createdTime>
<ownerDesignName>cui_logical</ownerDesignName>
<engineerTo>
<item key="F4064628-04B3-F9ED-EDB3-9D7CAE07A28C" value="true"/>
</engineerTo>
<sourcePk>A67E4A20-D43F-43E7-E0F4-FDE897A49731</sourcePk>
<identifying>false</identifying>
<nameOnSource>is used in</nameOnSource>
<nameOnTarget> </nameOnTarget>
<optionalSource>true</optionalSource>
<optionalTarget>false</optionalTarget>
<sourceCardinality>1</sourceCardinality>
<sourceEntity>34FD33D8-1D93-0F0F-2BE7-108C986F2EA8</sourceEntity>
<targetCardinalityString>*</targetCardinalityString>
<targetEntity>419DA418-1529-4092-1C3C-18522F51F296</targetEntity>
<transferable>true</transferable>
<deleteRule>NO ACTION</deleteRule>
</Relation>
