<?xml version = '1.0' encoding = 'UTF-8'?>
<Diagram class="oracle.dbtools.crest.swingui.relational.DPVRelational" name="Relational_1" id="EA77FD3E-7D3A-8430-FCFA-F2DBB48675FE">
<createdBy>NyanCarrot</createdBy>
<modifiedBy>NyanCarrot</modifiedBy>
<createdTime>2023-04-28 08:09:47 UTC</createdTime>
<autoRoute>false</autoRoute>
<boxInbox>true</boxInbox>
<showLegend>false</showLegend>
<showLabels>false</showLabels>
<showRelAttributes>false</showRelAttributes>
<gridEnabled>false</gridEnabled>
<showGrid>false</showGrid>
<diagramColor>-1</diagramColor>
<display>false</display>
<notation>1</notation>
<objectViews>
<OView class="oracle.dbtools.crest.swingui.relational.TVTable" oid="0E22D8BE-B69B-DD64-518D-840730FA00EC" otype="Table" vid="7BADC895-F1EC-E5A8-0E63-B0CE9B7AD6B4">
<hideElementsInCurrentOnly>false</hideElementsInCurrentOnly>
<bounds x="1253" y="1156" width="170" height="110"/>
</OView>
<OView class="oracle.dbtools.crest.swingui.relational.TVTable" oid="0FF327B0-3EAE-DE63-62CF-583AEAD7DF7F" otype="Table" vid="0A736704-C60A-219B-2A17-548CAA353CC0">
<hideElementsInCurrentOnly>false</hideElementsInCurrentOnly>
<bounds x="337" y="480" width="173" height="110"/>
</OView>
<OView class="oracle.dbtools.crest.swingui.relational.TVTable" oid="1330DB08-8827-B539-CD6C-5FF0D6D13EEC" otype="Table" vid="2988F471-DC06-00E1-1F42-F065A4F0BFA2">
<hideElementsInCurrentOnly>false</hideElementsInCurrentOnly>
<bounds x="45" y="683" width="170" height="110"/>
</OView>
<OView class="oracle.dbtools.crest.swingui.relational.TVTable" oid="17437585-C8E4-B396-4386-94DD9239C548" otype="Table" vid="44F84F13-1AF8-F9E4-1372-729922EE8299">
<hideElementsInCurrentOnly>false</hideElementsInCurrentOnly>
<bounds x="766" y="677" width="170" height="110"/>
</OView>
<OView class="oracle.dbtools.crest.swingui.relational.TVTable" oid="278CC342-1796-C106-FF92-1463C3F699B3" otype="Table" vid="CB7872A8-B748-5A68-DEA6-1F482618C1F9">
<hideElementsInCurrentOnly>false</hideElementsInCurrentOnly>
<bounds x="291" y="670" width="170" height="121"/>
</OView>
<OView class="oracle.dbtools.crest.swingui.relational.TVTable" oid="2C2FDF4E-F07F-7F80-25A9-336C1C98FBBE" otype="Table" vid="AB87CC11-C03B-A1BD-B1B2-5DD01606C9F9">
<hideElementsInCurrentOnly>false</hideElementsInCurrentOnly>
<bounds x="1253" y="684" width="170" height="110"/>
</OView>
<OView class="oracle.dbtools.crest.swingui.relational.TVTable" oid="39A291B6-8E52-B218-03EA-ACC2A83752A8" otype="Table" vid="A1B6150F-7BAF-DA65-94C1-FA22CEF72C02">
<hideElementsInCurrentOnly>false</hideElementsInCurrentOnly>
<bounds x="530" y="677" width="170" height="110"/>
</OView>
<OView class="oracle.dbtools.crest.swingui.relational.TVTable" oid="4D6D1878-764A-A085-C7E0-D2F5CD3F9514" otype="Table" vid="9B112297-BBBD-1F62-8664-BEF9977296DF">
<hideElementsInCurrentOnly>false</hideElementsInCurrentOnly>
<bounds x="1136" y="1369" width="170" height="110"/>
</OView>
<OView class="oracle.dbtools.crest.swingui.relational.TVTable" oid="77A2C7BA-4B9E-D49E-F06A-BB1FC07A6B78" otype="Table" vid="3B4924DA-17F0-C737-9CD8-62733CB2662D">
<hideElementsInCurrentOnly>false</hideElementsInCurrentOnly>
<bounds x="1255" y="959" width="170" height="103"/>
</OView>
<OView class="oracle.dbtools.crest.swingui.relational.TVTable" oid="8EC66C56-1DA0-D901-4217-64A41EB6278D" otype="Table" vid="5679B8D9-164E-15B8-D756-4FC9600E4C74">
<hideElementsInCurrentOnly>false</hideElementsInCurrentOnly>
<bounds x="1201" y="344" width="170" height="110"/>
</OView>
<OView class="oracle.dbtools.crest.swingui.relational.TVTable" oid="9E0A4F8D-BC68-5D8A-76FB-9B5B44D2E29F" otype="Table" vid="2A51809D-6F4F-B90B-7654-484F56355A91">
<hideElementsInCurrentOnly>false</hideElementsInCurrentOnly>
<bounds x="995" y="671" width="170" height="162"/>
</OView>
<OView class="oracle.dbtools.crest.swingui.relational.TVTable" oid="A433AFC3-E3DE-3889-1FA1-500EFC46576D" otype="Table" vid="4559A4B5-0155-3CEF-B9A3-6EC6721930BC">
<hideElementsInCurrentOnly>false</hideElementsInCurrentOnly>
<bounds x="979" y="481" width="170" height="110"/>
</OView>
<OView class="oracle.dbtools.crest.swingui.relational.TVTable" oid="AA459CC4-CE0E-16D2-2143-A677F6E1AA05" otype="Table" vid="F0118513-700B-590A-19C7-2F734C1AD480">
<hideElementsInCurrentOnly>false</hideElementsInCurrentOnly>
<bounds x="1347" y="1371" width="173" height="110"/>
</OView>
<OView class="oracle.dbtools.crest.swingui.relational.TVTable" oid="CD2E8B7E-0776-9A7D-F6C1-C30A716D6E5E" otype="Table" vid="7967718B-D619-A3B3-902C-BE69F09433E3">
<hideElementsInCurrentOnly>false</hideElementsInCurrentOnly>
<bounds x="1457" y="472" width="170" height="110"/>
</OView>
<OView class="oracle.dbtools.crest.swingui.relational.TVTable" oid="EFFE0623-E900-6C16-5E2E-579C1CB5E2DF" otype="Table" vid="6EAF4BCF-FF6B-5169-82DC-C1D07874D66C">
<hideElementsInCurrentOnly>false</hideElementsInCurrentOnly>
<bounds x="60" y="476" width="202" height="110"/>
</OView>
<OView class="oracle.dbtools.crest.swingui.relational.TVTable" oid="FD7A1B5A-C7B2-37AF-4C29-6D71D7540F1D" otype="Table" vid="064C6057-4AE2-FDB0-9B18-D4A81D2617C1">
<hideElementsInCurrentOnly>false</hideElementsInCurrentOnly>
<bounds x="39" y="889" width="170" height="110"/>
</OView>
</objectViews>
<connectors>
<Connector class="oracle.dbtools.crest.swingui.relational.TVFKRelation" oid="0644397B-CA0E-DF70-D47E-DE74A28C664F" otype="FKIndexAssociation" vid_source="2A51809D-6F4F-B90B-7654-484F56355A91" vid_target="AB87CC11-C03B-A1BD-B1B2-5DD01606C9F9">
<hideElementsInCurrentOnly>false</hideElementsInCurrentOnly>
<backgroundColor>-16777216</backgroundColor>
<lineWidth>1</lineWidth>
<points>
<point x="1165" y="739"/>
<point x="1253" y="739"/>
</points>
</Connector>
<Connector class="oracle.dbtools.crest.swingui.relational.TVFKRelation" oid="0857F560-F9F1-C020-13B8-93E0A73D2779" otype="FKIndexAssociation" vid_source="3B4924DA-17F0-C737-9CD8-62733CB2662D" vid_target="AB87CC11-C03B-A1BD-B1B2-5DD01606C9F9">
<hideElementsInCurrentOnly>false</hideElementsInCurrentOnly>
<backgroundColor>-16777216</backgroundColor>
<lineWidth>1</lineWidth>
<points>
<point x="1354" y="959"/>
<point x="1354" y="794"/>
</points>
</Connector>
<Connector class="oracle.dbtools.crest.swingui.relational.TVFKRelation" oid="0B139ACF-C4A4-1AF3-618A-6DB859CABA14" otype="FKIndexAssociation" vid_source="6EAF4BCF-FF6B-5169-82DC-C1D07874D66C" vid_target="0A736704-C60A-219B-2A17-548CAA353CC0">
<hideElementsInCurrentOnly>false</hideElementsInCurrentOnly>
<backgroundColor>-16777216</backgroundColor>
<lineWidth>1</lineWidth>
<points>
<point x="262" y="533"/>
<point x="337" y="533"/>
</points>
</Connector>
<Connector class="oracle.dbtools.crest.swingui.relational.TVFKRelation" oid="0FF91CFA-8CB1-8B0B-3581-4BB363A6B112" otype="FKIndexAssociation" vid_source="0A736704-C60A-219B-2A17-548CAA353CC0" vid_target="4559A4B5-0155-3CEF-B9A3-6EC6721930BC">
<hideElementsInCurrentOnly>false</hideElementsInCurrentOnly>
<backgroundColor>-16777216</backgroundColor>
<lineWidth>1</lineWidth>
<points>
<point x="510" y="535"/>
<point x="979" y="535"/>
</points>
</Connector>
<Connector class="oracle.dbtools.crest.swingui.relational.TVFKRelation" oid="245DED08-4ED8-BA8A-501E-2A69E6C0E316" otype="FKIndexAssociation" vid_source="9B112297-BBBD-1F62-8664-BEF9977296DF" vid_target="7BADC895-F1EC-E5A8-0E63-B0CE9B7AD6B4">
<hideElementsInCurrentOnly>false</hideElementsInCurrentOnly>
<backgroundColor>-16777216</backgroundColor>
<lineWidth>1</lineWidth>
<points>
<point x="1294" y="1369"/>
<point x="1294" y="1266"/>
</points>
</Connector>
<Connector class="oracle.dbtools.crest.swingui.relational.TVFKRelation" oid="2C8E8FC7-F9F2-6F03-687E-7418B700283D" otype="FKIndexAssociation" vid_source="2A51809D-6F4F-B90B-7654-484F56355A91" vid_target="064C6057-4AE2-FDB0-9B18-D4A81D2617C1">
<hideElementsInCurrentOnly>false</hideElementsInCurrentOnly>
<backgroundColor>-16777216</backgroundColor>
<lineWidth>1</lineWidth>
<points>
<point x="1055" y="833"/>
<point x="1055" y="939"/>
<point x="209" y="939"/>
</points>
</Connector>
<Connector class="oracle.dbtools.crest.swingui.relational.TVFKRelation" oid="2F96AE00-DDBB-F674-1539-E1117E0A7C56" otype="FKIndexAssociation" vid_source="A1B6150F-7BAF-DA65-94C1-FA22CEF72C02" vid_target="44F84F13-1AF8-F9E4-1372-729922EE8299">
<hideElementsInCurrentOnly>false</hideElementsInCurrentOnly>
<backgroundColor>-16777216</backgroundColor>
<lineWidth>1</lineWidth>
<points>
<point x="700" y="732"/>
<point x="766" y="732"/>
</points>
</Connector>
<Connector class="oracle.dbtools.crest.swingui.relational.TVFKRelation" oid="34BE82F0-A69D-F997-9F16-EF1AF4492188" otype="FKIndexAssociation" vid_source="7967718B-D619-A3B3-902C-BE69F09433E3" vid_target="5679B8D9-164E-15B8-D756-4FC9600E4C74">
<hideElementsInCurrentOnly>false</hideElementsInCurrentOnly>
<backgroundColor>-16777216</backgroundColor>
<lineWidth>1</lineWidth>
<points>
<point x="1457" y="540"/>
<point x="1350" y="540"/>
<point x="1350" y="454"/>
</points>
</Connector>
<Connector class="oracle.dbtools.crest.swingui.relational.TVFKRelation" oid="38635114-4A67-AFF9-D15F-95F895F33A41" otype="FKIndexAssociation" vid_source="2988F471-DC06-00E1-1F42-F065A4F0BFA2" vid_target="CB7872A8-B748-5A68-DEA6-1F482618C1F9">
<hideElementsInCurrentOnly>false</hideElementsInCurrentOnly>
<backgroundColor>-16777216</backgroundColor>
<lineWidth>1</lineWidth>
<points>
<point x="215" y="722"/>
<point x="291" y="722"/>
</points>
</Connector>
<Connector class="oracle.dbtools.crest.swingui.relational.TVFKRelation" oid="3A7AC9CC-5B29-8260-701C-97E30EF92DB9" otype="FKIndexAssociation" vid_source="CB7872A8-B748-5A68-DEA6-1F482618C1F9" vid_target="3B4924DA-17F0-C737-9CD8-62733CB2662D">
<hideElementsInCurrentOnly>false</hideElementsInCurrentOnly>
<backgroundColor>-16777216</backgroundColor>
<lineWidth>1</lineWidth>
<points>
<point x="383" y="791"/>
<point x="383" y="1028"/>
<point x="1255" y="1028"/>
</points>
</Connector>
<Connector class="oracle.dbtools.crest.swingui.relational.TVFKRelation" oid="48C5DADC-C445-ADF6-ED88-2A00AD8F68FC" otype="FKIndexAssociation" vid_source="4559A4B5-0155-3CEF-B9A3-6EC6721930BC" vid_target="5679B8D9-164E-15B8-D756-4FC9600E4C74">
<hideElementsInCurrentOnly>false</hideElementsInCurrentOnly>
<backgroundColor>-16777216</backgroundColor>
<lineWidth>1</lineWidth>
<points>
<point x="1149" y="543"/>
<point x="1246" y="543"/>
<point x="1246" y="454"/>
</points>
</Connector>
<Connector class="oracle.dbtools.crest.swingui.relational.TVFKRelation" oid="4C227E0D-8104-9E56-06DA-1210D3582D38" otype="FKIndexAssociation" vid_source="4559A4B5-0155-3CEF-B9A3-6EC6721930BC" vid_target="2A51809D-6F4F-B90B-7654-484F56355A91">
<hideElementsInCurrentOnly>false</hideElementsInCurrentOnly>
<backgroundColor>-16777216</backgroundColor>
<lineWidth>1</lineWidth>
<points>
<point x="1072" y="591"/>
<point x="1072" y="671"/>
</points>
</Connector>
<Connector class="oracle.dbtools.crest.swingui.relational.TVFKRelation" oid="62B49B51-1525-9714-AF17-67766A11AA86" otype="FKIndexAssociation" vid_source="F0118513-700B-590A-19C7-2F734C1AD480" vid_target="7BADC895-F1EC-E5A8-0E63-B0CE9B7AD6B4">
<hideElementsInCurrentOnly>false</hideElementsInCurrentOnly>
<backgroundColor>-16777216</backgroundColor>
<lineWidth>1</lineWidth>
<points>
<point x="1385" y="1371"/>
<point x="1385" y="1266"/>
</points>
</Connector>
<Connector class="oracle.dbtools.crest.swingui.relational.TVFKRelation" oid="8BF4EFBA-1674-6651-8544-C0D5221A48F9" otype="FKIndexAssociation" vid_source="44F84F13-1AF8-F9E4-1372-729922EE8299" vid_target="064C6057-4AE2-FDB0-9B18-D4A81D2617C1">
<hideElementsInCurrentOnly>false</hideElementsInCurrentOnly>
<backgroundColor>-16777216</backgroundColor>
<lineWidth>1</lineWidth>
<points>
<point x="838" y="787"/>
<point x="838" y="918"/>
<point x="209" y="918"/>
</points>
</Connector>
<Connector class="oracle.dbtools.crest.swingui.relational.TVFKRelation" oid="97263A88-F42A-1273-1A8F-A2F7405CC740" otype="FKIndexAssociation" vid_source="2988F471-DC06-00E1-1F42-F065A4F0BFA2" vid_target="064C6057-4AE2-FDB0-9B18-D4A81D2617C1">
<hideElementsInCurrentOnly>false</hideElementsInCurrentOnly>
<backgroundColor>-16777216</backgroundColor>
<lineWidth>1</lineWidth>
<points>
<point x="127" y="793"/>
<point x="127" y="889"/>
</points>
</Connector>
<Connector class="oracle.dbtools.crest.swingui.relational.TVFKRelation" oid="D9546B1A-C9F5-3F45-DD9D-5618BCCD54F4" otype="FKIndexAssociation" vid_source="6EAF4BCF-FF6B-5169-82DC-C1D07874D66C" vid_target="2988F471-DC06-00E1-1F42-F065A4F0BFA2">
<hideElementsInCurrentOnly>false</hideElementsInCurrentOnly>
<backgroundColor>-16777216</backgroundColor>
<lineWidth>1</lineWidth>
<points>
<point x="137" y="586"/>
<point x="137" y="683"/>
</points>
</Connector>
<Connector class="oracle.dbtools.crest.swingui.relational.TVFKRelation" oid="EE24BB7D-2B6C-ABB3-937F-6055572509F0" otype="FKIndexAssociation" vid_source="44F84F13-1AF8-F9E4-1372-729922EE8299" vid_target="2A51809D-6F4F-B90B-7654-484F56355A91">
<hideElementsInCurrentOnly>false</hideElementsInCurrentOnly>
<backgroundColor>-16777216</backgroundColor>
<lineWidth>1</lineWidth>
<points>
<point x="936" y="732"/>
<point x="995" y="732"/>
</points>
</Connector>
<Connector class="oracle.dbtools.crest.swingui.relational.TVFKRelation" oid="F04D42EE-B9C1-F062-7401-F39089637733" otype="FKIndexAssociation" vid_source="A1B6150F-7BAF-DA65-94C1-FA22CEF72C02" vid_target="CB7872A8-B748-5A68-DEA6-1F482618C1F9">
<hideElementsInCurrentOnly>false</hideElementsInCurrentOnly>
<backgroundColor>-16777216</backgroundColor>
<lineWidth>1</lineWidth>
<points>
<point x="530" y="747"/>
<point x="461" y="747"/>
</points>
</Connector>
<Connector class="oracle.dbtools.crest.swingui.relational.TVFKRelation" oid="F7CE9636-33D8-3406-2787-2FD9040D948B" otype="FKIndexAssociation" vid_source="7BADC895-F1EC-E5A8-0E63-B0CE9B7AD6B4" vid_target="3B4924DA-17F0-C737-9CD8-62733CB2662D">
<hideElementsInCurrentOnly>false</hideElementsInCurrentOnly>
<backgroundColor>-16777216</backgroundColor>
<lineWidth>1</lineWidth>
<points>
<point x="1339" y="1156"/>
<point x="1339" y="1062"/>
</points>
</Connector>
</connectors>
</Diagram>
