<?xml version = '1.0' encoding = 'UTF-8'?>
<Table class="oracle.dbtools.crest.model.design.relational.Table" directorySegmentName="seg_0" id="4D6D1878-764A-A085-C7E0-D2F5CD3F9514" name="DRIVER">
<createdBy>wongenxin</createdBy>
<createdTime>2023-05-02 14:37:21 UTC</createdTime>
<generatorID>75A3EC67-BA1D-8D1A-D527-956BE29D288A</generatorID>
<ownerDesignName>cui_logical</ownerDesignName>
<allowColumnReorder>false</allowColumnReorder>
<existDependencyGenerateInDDl>true</existDependencyGenerateInDDl>
<parsed>true</parsed>
<columns itemClass="oracle.dbtools.crest.model.design.relational.Column">
<Column name="driver_no" id="42CA4351-B78F-70C8-5F74-13F1D8573891">
<createdBy>wongenxin</createdBy>
<createdTime>2023-05-02 14:37:21 UTC</createdTime>
<commentInRDBMS><![CDATA[driver number ]]></commentInRDBMS>
<generatorID>0F5EAAE4-DE07-1270-F140-54F3AAEDE67E</generatorID>
<ownerDesignName>cui_logical</ownerDesignName>
<useDomainConstraints>false</useDomainConstraints>
<use>1</use>
<logicalDatatype>LOGDT025</logicalDatatype>
<dataTypeSize>6</dataTypeSize>
<ownDataTypeParameters>6,,</ownDataTypeParameters>
<autoIncrementCycle>false</autoIncrementCycle>
</Column>
<Column name="driver_lisence" id="C1EBB04B-946C-D1DB-7A96-A0A6A1BCE4DD">
<createdBy>wongenxin</createdBy>
<createdTime>2023-05-02 14:37:21 UTC</createdTime>
<commentInRDBMS><![CDATA[driver lisence number]]></commentInRDBMS>
<generatorID>BCA909EF-A999-42CD-D24E-0EDDB3D5D0D6</generatorID>
<ownerDesignName>cui_logical</ownerDesignName>
<useDomainConstraints>false</useDomainConstraints>
<use>1</use>
<logicalDatatype>LOGDT025</logicalDatatype>
<dataTypeSize>20</dataTypeSize>
<ownDataTypeParameters>20,,</ownDataTypeParameters>
<autoIncrementCycle>false</autoIncrementCycle>
</Column>
<Column name="driver_name" id="F3C2ACBA-89ED-55C6-18EE-EBCC82718891">
<createdBy>wongenxin</createdBy>
<createdTime>2023-05-02 14:37:21 UTC</createdTime>
<commentInRDBMS><![CDATA[Driver name]]></commentInRDBMS>
<generatorID>B2C5BDF3-95D8-B4B0-F6C1-92783A3B1B20</generatorID>
<ownerDesignName>cui_logical</ownerDesignName>
<useDomainConstraints>false</useDomainConstraints>
<use>1</use>
<logicalDatatype>LOGDT024</logicalDatatype>
<dataTypeSize>150</dataTypeSize>
<ownDataTypeParameters>150,,</ownDataTypeParameters>
<autoIncrementCycle>false</autoIncrementCycle>
</Column>
<Column name="driver_birth_date" id="7C2C6A7F-AC28-9A50-0B3E-079C959C7189">
<createdBy>wongenxin</createdBy>
<createdTime>2023-05-02 14:37:21 UTC</createdTime>
<commentInRDBMS><![CDATA[Driver's birth date]]></commentInRDBMS>
<generatorID>3012152F-2AF2-A691-5ED6-624DBB150C6D</generatorID>
<ownerDesignName>cui_logical</ownerDesignName>
<useDomainConstraints>false</useDomainConstraints>
<use>1</use>
<logicalDatatype>LOGDT007</logicalDatatype>
<ownDataTypeParameters>,,</ownDataTypeParameters>
<autoIncrementCycle>false</autoIncrementCycle>
</Column>
<Column name="driver_taxfile_no" id="4FE0D2DA-CE2C-8BD2-9D3E-E796023BCE46">
<createdBy>wongenxin</createdBy>
<createdTime>2023-05-02 14:37:21 UTC</createdTime>
<commentInRDBMS><![CDATA[Driver's taxfile number]]></commentInRDBMS>
<generatorID>8E491367-FCCC-98D9-C12F-46AC3FCC1A5B</generatorID>
<ownerDesignName>cui_logical</ownerDesignName>
<useDomainConstraints>false</useDomainConstraints>
<use>1</use>
<logicalDatatype>LOGDT025</logicalDatatype>
<dataTypeSize>20</dataTypeSize>
<ownDataTypeParameters>20,,</ownDataTypeParameters>
<autoIncrementCycle>false</autoIncrementCycle>
</Column>
<Column name="driver_contact_no" id="FB8FC9A2-2AF8-FE1B-5A36-75CE221BC8E5">
<createdBy>wongenxin</createdBy>
<createdTime>2023-05-02 14:37:21 UTC</createdTime>
<commentInRDBMS><![CDATA[Driver's contact number]]></commentInRDBMS>
<generatorID>7D16D47A-4058-64E8-28CF-0676F8160F6A</generatorID>
<ownerDesignName>cui_logical</ownerDesignName>
<useDomainConstraints>false</useDomainConstraints>
<use>1</use>
<logicalDatatype>LOGDT019</logicalDatatype>
<dataTypePrecision>20</dataTypePrecision>
<ownDataTypeParameters>,20,</ownDataTypeParameters>
<autoIncrementCycle>false</autoIncrementCycle>
</Column>
</columns>
<indexes itemClass="oracle.dbtools.crest.model.design.relational.Index">
<ind_PK_UK id="A389EEC5-FFB0-77FC-CE91-093A906D02E8" name="DRIVER_PK">
<createdBy>wongenxin</createdBy>
<createdTime>2023-05-02 14:37:21 UTC</createdTime>
<generatorID>34A1ACBE-D358-7845-7BD8-B0509797CAEF</generatorID>
<ownerDesignName>cui_logical</ownerDesignName>
<pk>true</pk>
<indexState>Primary Constraint</indexState>
<isSurrogateKey>false</isSurrogateKey>
<indexColumnUsage>
<colUsage columnID="42CA4351-B78F-70C8-5F74-13F1D8573891"/>
</indexColumnUsage>
</ind_PK_UK>
</indexes>
</Table>
