<?xml version = '1.0' encoding = 'UTF-8'?>
<Table class="oracle.dbtools.crest.model.design.relational.Table" directorySegmentName="seg_0" id="EFFE0623-E900-6C16-5E2E-579C1CB5E2DF" name="AUTHORITY">
<createdBy>wongenxin</createdBy>
<createdTime>2023-05-02 14:37:21 UTC</createdTime>
<generatorID>8C6EC708-C5DC-2D2E-F348-1CAA7BC1FECA</generatorID>
<ownerDesignName>cui_logical</ownerDesignName>
<allowColumnReorder>false</allowColumnReorder>
<existDependencyGenerateInDDl>true</existDependencyGenerateInDDl>
<parsed>true</parsed>
<columns itemClass="oracle.dbtools.crest.model.design.relational.Column">
<Column name="auth_name" id="23EEF540-43DD-A204-8997-34C28C67337A">
<createdBy>wongenxin</createdBy>
<createdTime>2023-05-02 14:37:21 UTC</createdTime>
<commentInRDBMS><![CDATA[authority name]]></commentInRDBMS>
<generatorID>41B92A95-0393-CAF9-FD98-22421068BE5A</generatorID>
<ownerDesignName>cui_logical</ownerDesignName>
<useDomainConstraints>false</useDomainConstraints>
<use>1</use>
<logicalDatatype>LOGDT024</logicalDatatype>
<dataTypeSize>75</dataTypeSize>
<ownDataTypeParameters>75,,</ownDataTypeParameters>
<autoIncrementCycle>false</autoIncrementCycle>
</Column>
<Column name="auth_chief_givname" id="B3C7903C-7B65-D6FF-6336-E670F9D02307">
<createdBy>wongenxin</createdBy>
<createdTime>2023-05-02 14:37:21 UTC</createdTime>
<commentInRDBMS><![CDATA[authority chief's given name]]></commentInRDBMS>
<generatorID>20555F22-E62A-61B8-A222-6E278A5F6965</generatorID>
<ownerDesignName>cui_logical</ownerDesignName>
<useDomainConstraints>false</useDomainConstraints>
<use>1</use>
<logicalDatatype>LOGDT024</logicalDatatype>
<dataTypeSize>100</dataTypeSize>
<ownDataTypeParameters>100,,</ownDataTypeParameters>
<autoIncrementCycle>false</autoIncrementCycle>
</Column>
<Column name="auth_chief_famname" id="F555FF98-0AD1-9E6E-3FA4-7394B51BC2D2">
<createdBy>wongenxin</createdBy>
<createdTime>2023-05-02 14:37:21 UTC</createdTime>
<commentInRDBMS><![CDATA[authoroity chief's familiy name]]></commentInRDBMS>
<generatorID>9AF1E81C-59CE-3BC5-2C1B-6B23690B7DEB</generatorID>
<ownerDesignName>cui_logical</ownerDesignName>
<useDomainConstraints>false</useDomainConstraints>
<use>1</use>
<logicalDatatype>LOGDT024</logicalDatatype>
<dataTypeSize>50</dataTypeSize>
<ownDataTypeParameters>50,,</ownDataTypeParameters>
<autoIncrementCycle>false</autoIncrementCycle>
</Column>
<Column name="auth_phone" id="0706563F-6D2A-F455-D616-A5959904A807">
<createdBy>wongenxin</createdBy>
<createdTime>2023-05-02 14:37:21 UTC</createdTime>
<commentInRDBMS><![CDATA[authority phone number]]></commentInRDBMS>
<generatorID>B8A05989-6AE5-A81F-DB84-D7CFDDFA0F83</generatorID>
<ownerDesignName>cui_logical</ownerDesignName>
<useDomainConstraints>false</useDomainConstraints>
<use>1</use>
<logicalDatatype>LOGDT025</logicalDatatype>
<dataTypeSize>20</dataTypeSize>
<ownDataTypeParameters>20,,</ownDataTypeParameters>
<autoIncrementCycle>false</autoIncrementCycle>
</Column>
<Column name="auth_total_area" id="CFD5B35C-5AED-E6BC-5EF6-69BA6F6F109F">
<createdBy>wongenxin</createdBy>
<createdTime>2023-05-02 14:37:21 UTC</createdTime>
<commentInRDBMS><![CDATA[authority total area governed]]></commentInRDBMS>
<generatorID>3F5F01C8-0349-1EDD-CFAB-D56D223793AC</generatorID>
<ownerDesignName>cui_logical</ownerDesignName>
<useDomainConstraints>false</useDomainConstraints>
<use>1</use>
<logicalDatatype>LOGDT019</logicalDatatype>
<dataTypePrecision>11</dataTypePrecision>
<dataTypeScale>3</dataTypeScale>
<ownDataTypeParameters>,11,3</ownDataTypeParameters>
<autoIncrementCycle>false</autoIncrementCycle>
</Column>
<Column name="auth_type" id="94E497C0-D442-2D39-17B6-88111C1E38D9">
<createdBy>wongenxin</createdBy>
<createdTime>2023-05-02 14:37:21 UTC</createdTime>
<commentInRDBMS><![CDATA[authority type]]></commentInRDBMS>
<generatorID>3BADB2E4-8FC4-15A3-5E0B-13F09EE808CB</generatorID>
<ownerDesignName>cui_logical</ownerDesignName>
<constraintName>Authority_type_chk</constraintName>
<useDomainConstraints>false</useDomainConstraints>
<use>1</use>
<logicalDatatype>LOGDT025</logicalDatatype>
<dataTypeSize>1</dataTypeSize>
<listOfValues>
<valueDef value="B" description="Borough"/>
<valueDef value="C" description="City"/>
<valueDef value="D" description="Distinc Council"/>
<valueDef value="S" description="Shire"/>
<valueDef value="T" description="Town"/>
</listOfValues>
<ownDataTypeParameters>1,,</ownDataTypeParameters>
<autoIncrementCycle>false</autoIncrementCycle>
</Column>
</columns>
<indexes itemClass="oracle.dbtools.crest.model.design.relational.Index">
<ind_PK_UK id="18B8A437-530A-D4EB-0F8E-A9E091F57987" name="AUTHORITY_PK">
<createdBy>wongenxin</createdBy>
<createdTime>2023-05-02 14:37:21 UTC</createdTime>
<generatorID>2BE03A12-AE46-A2A9-FC58-D7E12C79932D</generatorID>
<ownerDesignName>cui_logical</ownerDesignName>
<pk>true</pk>
<indexState>Primary Constraint</indexState>
<isSurrogateKey>false</isSurrogateKey>
<indexColumnUsage>
<colUsage columnID="23EEF540-43DD-A204-8997-34C28C67337A"/>
</indexColumnUsage>
</ind_PK_UK>
</indexes>
</Table>
