<?xml version = '1.0' encoding = 'UTF-8'?>
<Table class="oracle.dbtools.crest.model.design.relational.Table" directorySegmentName="seg_0" id="FD7A1B5A-C7B2-37AF-4C29-6D71D7540F1D" name="CONTRACT_BIN">
<createdBy>wongenxin</createdBy>
<createdTime>2023-05-02 14:37:21 UTC</createdTime>
<generatorID>419DA418-1529-4092-1C3C-18522F51F296</generatorID>
<ownerDesignName>cui_logical</ownerDesignName>
<allowColumnReorder>false</allowColumnReorder>
<existDependencyGenerateInDDl>true</existDependencyGenerateInDDl>
<parsed>true</parsed>
<columns itemClass="oracle.dbtools.crest.model.design.relational.Column">
<Column name="cont_no" id="F2F3E191-7C15-42A5-B760-3536B1BA136F">
<createdBy>wongenxin</createdBy>
<createdTime>2023-05-02 14:37:21 UTC</createdTime>
<commentInRDBMS><![CDATA[contract number]]></commentInRDBMS>
<generatorID>C2D199F2-684B-A9DA-6824-CA80EA453E79</generatorID>
<ownerDesignName>cui_logical</ownerDesignName>
<useDomainConstraints>false</useDomainConstraints>
<use>1</use>
<logicalDatatype>LOGDT025</logicalDatatype>
<dataTypeSize>5</dataTypeSize>
<ownDataTypeParameters>,,</ownDataTypeParameters>
<previousColumn>false</previousColumn>
<autoIncrementCycle>false</autoIncrementCycle>
<associations>
<colAssociation fkAssociation="97263A88-F42A-1273-1A8F-A2F7405CC740" referredColumn="363D6198-DB7A-C133-9BEC-544453FAD8D8"/>
</associations>
</Column>
<Column name="bt_size" id="4C138E83-E7FD-5660-2665-44D348BCC585">
<createdBy>wongenxin</createdBy>
<createdTime>2023-05-02 14:37:21 UTC</createdTime>
<commentInRDBMS><![CDATA[Bin type size]]></commentInRDBMS>
<generatorID>2B2C190B-AA95-07BD-F31F-6F2286F67B34</generatorID>
<ownerDesignName>cui_logical</ownerDesignName>
<useDomainConstraints>false</useDomainConstraints>
<use>1</use>
<logicalDatatype>LOGDT019</logicalDatatype>
<dataTypePrecision>3</dataTypePrecision>
<ownDataTypeParameters>,,</ownDataTypeParameters>
<previousColumn>false</previousColumn>
<autoIncrementCycle>false</autoIncrementCycle>
<associations>
<colAssociation fkAssociation="8BF4EFBA-1674-6651-8544-C0D5221A48F9" referredColumn="80271F01-80E8-8412-0762-FD4515E3C6A8"/>
</associations>
</Column>
<Column name="waste_type_id" id="1EF7CC97-2F05-ADDB-C397-D16CEF1ECA76">
<createdBy>wongenxin</createdBy>
<createdTime>2023-05-02 14:37:21 UTC</createdTime>
<commentInRDBMS><![CDATA[Waste type id]]></commentInRDBMS>
<generatorID>494E431D-39F5-635F-BB1A-493E538DA0AD</generatorID>
<ownerDesignName>cui_logical</ownerDesignName>
<useDomainConstraints>false</useDomainConstraints>
<use>1</use>
<logicalDatatype>LOGDT025</logicalDatatype>
<dataTypeSize>3</dataTypeSize>
<ownDataTypeParameters>,,</ownDataTypeParameters>
<previousColumn>false</previousColumn>
<autoIncrementCycle>false</autoIncrementCycle>
<associations>
<colAssociation fkAssociation="8BF4EFBA-1674-6651-8544-C0D5221A48F9" referredColumn="E99EAB73-1CCF-FE5D-45A9-11786E066858"/>
</associations>
</Column>
<Column name="cb_type_supply_cost" id="6F2EE4A8-12A8-EFE9-F68C-F178788032C7">
<createdBy>wongenxin</createdBy>
<createdTime>2023-05-02 14:37:21 UTC</createdTime>
<commentInRDBMS><![CDATA[Contract bin type supply cost]]></commentInRDBMS>
<generatorID>379C4E3B-18A4-DDAB-D9C3-FC4B936694A5</generatorID>
<ownerDesignName>cui_logical</ownerDesignName>
<useDomainConstraints>false</useDomainConstraints>
<use>1</use>
<logicalDatatype>LOGDT019</logicalDatatype>
<dataTypePrecision>7</dataTypePrecision>
<dataTypeScale>2</dataTypeScale>
<ownDataTypeParameters>,7,2</ownDataTypeParameters>
<autoIncrementCycle>false</autoIncrementCycle>
</Column>
<Column name="bin_rfid" id="819D9549-4843-1A75-A124-583EA5446C72">
<createdBy>wongenxin</createdBy>
<createdTime>2023-05-02 14:37:21 UTC</createdTime>
<commentInRDBMS><![CDATA[bin rfid]]></commentInRDBMS>
<generatorID>360156DF-A9A2-7F8F-A114-F9BE1DD01000</generatorID>
<ownerDesignName>cui_logical</ownerDesignName>
<useDomainConstraints>false</useDomainConstraints>
<use>1</use>
<logicalDatatype>LOGDT019</logicalDatatype>
<dataTypePrecision>16</dataTypePrecision>
<ownDataTypeParameters>,,</ownDataTypeParameters>
<previousColumn>false</previousColumn>
<autoIncrementCycle>false</autoIncrementCycle>
<associations>
<colAssociation fkAssociation="2C8E8FC7-F9F2-6F03-687E-7418B700283D" referredColumn="39B445D2-B3BC-CCDD-1842-7227CB4E9AE8"/>
</associations>
</Column>
</columns>
<indexes itemClass="oracle.dbtools.crest.model.design.relational.Index">
<ind_PK_UK id="08DEA90B-EF82-0D80-7F0C-923851A5B06F" name="CONTRACT_BIN_PK">
<createdBy>wongenxin</createdBy>
<createdTime>2023-05-02 14:37:21 UTC</createdTime>
<generatorID>177BC61D-D277-E123-17FA-EF36F9CDA55D</generatorID>
<ownerDesignName>cui_logical</ownerDesignName>
<pk>true</pk>
<indexState>Primary Constraint</indexState>
<isSurrogateKey>false</isSurrogateKey>
<indexColumnUsage>
<colUsage columnID="4C138E83-E7FD-5660-2665-44D348BCC585"/>
<colUsage columnID="1EF7CC97-2F05-ADDB-C397-D16CEF1ECA76"/>
<colUsage columnID="F2F3E191-7C15-42A5-B760-3536B1BA136F"/>
</indexColumnUsage>
</ind_PK_UK>
<ind_PK_UK id="AD0A3B55-EF90-81AA-7798-5B2B5D5C3CB8" name="CONTRACT_BIN__IDX">
<createdBy>wongenxin</createdBy>
<createdTime>2023-05-02 14:37:21 UTC</createdTime>
<ownerDesignName>cui_logical</ownerDesignName>
<indexState>Unique Plain Index</indexState>
<isSurrogateKey>false</isSurrogateKey>
<relationGeneratorID>9D31722E-3CD1-17BF-BEBC-C6CF87FB8E01</relationGeneratorID>
<indexColumnUsage>
<colUsage columnID="F2F3E191-7C15-42A5-B760-3536B1BA136F"/>
</indexColumnUsage>
</ind_PK_UK>
<ind_PK_UK id="5B87E7F9-B2C3-3F5B-FB13-ED4C53D8A614" name="BIN_CONTRACT_BIN">
<createdBy>wongenxin</createdBy>
<createdTime>2023-05-02 14:37:21 UTC</createdTime>
<generatorID>FB04804B-BDA9-E685-D208-A2DD456DAA02</generatorID>
<ownerDesignName>cui_logical</ownerDesignName>
<indexState>Foreign Key</indexState>
<isSurrogateKey>false</isSurrogateKey>
<indexColumnUsage>
<colUsage columnID="819D9549-4843-1A75-A124-583EA5446C72"/>
</indexColumnUsage>
</ind_PK_UK>
<ind_PK_UK id="F2858CA5-E8E2-38AD-F045-EF3FB772F2ED" name="BIN_TYPE_CONTRACT_BIN">
<createdBy>wongenxin</createdBy>
<createdTime>2023-05-02 14:37:21 UTC</createdTime>
<generatorID>2A716006-85BE-6C84-B0B0-E29E873265C9</generatorID>
<ownerDesignName>cui_logical</ownerDesignName>
<indexState>Foreign Key</indexState>
<isSurrogateKey>false</isSurrogateKey>
<indexColumnUsage>
<colUsage columnID="4C138E83-E7FD-5660-2665-44D348BCC585"/>
<colUsage columnID="1EF7CC97-2F05-ADDB-C397-D16CEF1ECA76"/>
</indexColumnUsage>
</ind_PK_UK>
<ind_PK_UK id="53BFA802-F4AD-61BD-F088-87D79A3E1426" name="CONTRCT_BIN_CONTRACT">
<createdBy>wongenxin</createdBy>
<createdTime>2023-05-02 14:37:21 UTC</createdTime>
<generatorID>9D31722E-3CD1-17BF-BEBC-C6CF87FB8E01</generatorID>
<ownerDesignName>cui_logical</ownerDesignName>
<indexState>Foreign Key</indexState>
<isSurrogateKey>false</isSurrogateKey>
<indexColumnUsage>
<colUsage columnID="F2F3E191-7C15-42A5-B760-3536B1BA136F"/>
</indexColumnUsage>
</ind_PK_UK>
</indexes>
</Table>
