<?xml version = '1.0' encoding = 'UTF-8'?>
<Diagram class="oracle.dbtools.crest.swingui.logical.DPVLogical" name="Logical" id="7C2AF139-E8FC-FA52-4494-C4CD7319494F">
<createdBy>Muhd Muhd Silmi, En Xin Wong, Garret Yong</createdBy>
<modifiedBy>Muhd Muhd Silmi, En Xin Wong, Garret Yong</modifiedBy>
<createdTime>2023-04-28 08:07:06 UTC</createdTime>
<autoRoute>false</autoRoute>
<boxInbox>true</boxInbox>
<showLegend>true</showLegend>
<showLabels>true</showLabels>
<showRelAttributes>true</showRelAttributes>
<gridEnabled>false</gridEnabled>
<showGrid>false</showGrid>
<diagramColor>-1</diagramColor>
<display>false</display>
<notation>2</notation>
<showAllDetails>false</showAllDetails>
<showElements>true</showElements>
<propertyMap>
<property name="Student ID" value="31109373,31110363, 31862616"/>
</propertyMap>
<objectViews>
<OView class="oracle.dbtools.crest.swingui.logical.TVEntity" oid="06D153E2-24B8-F256-4810-E2ED58D7E243" otype="Entity" vid="C919F501-09E9-6932-2503-0361250E5E1F">
<hideElementsInCurrentOnly>false</hideElementsInCurrentOnly>
<bounds x="1347" y="1371" width="173" height="110"/>
</OView>
<OView class="oracle.dbtools.crest.swingui.logical.TVEntity" oid="074B38ED-3A63-749B-1950-9C6441BE8DD5" otype="Entity" vid="2F781E3B-F46B-C493-44E2-80E86758D094">
<hideElementsInCurrentOnly>false</hideElementsInCurrentOnly>
<bounds x="1255" y="959" width="170" height="103"/>
</OView>
<OView class="oracle.dbtools.crest.swingui.logical.TVEntity" oid="089DA0ED-752A-3DEC-A602-B27FDF16DDAD" otype="Entity" vid="C73F6E8D-B2D5-0B99-3E45-2FB63F584F15">
<hideElementsInCurrentOnly>false</hideElementsInCurrentOnly>
<bounds x="1457" y="472" width="170" height="110"/>
</OView>
<OView class="oracle.dbtools.crest.swingui.logical.TVEntity" oid="34FD33D8-1D93-0F0F-2BE7-108C986F2EA8" otype="Entity" vid="25133F50-908E-F23C-46A0-6B165705AA9C">
<hideElementsInCurrentOnly>false</hideElementsInCurrentOnly>
<bounds x="995" y="671" width="170" height="162"/>
</OView>
<OView class="oracle.dbtools.crest.swingui.logical.TVEntity" oid="38972BCB-4D9A-B860-D16C-AD121A6076E9" otype="Entity" vid="109F30FF-40AD-9888-412C-E644BB662A77">
<hideElementsInCurrentOnly>false</hideElementsInCurrentOnly>
<bounds x="337" y="480" width="173" height="110"/>
</OView>
<OView class="oracle.dbtools.crest.swingui.TVLegend" oid="3EEEACF5-A571-8C1F-70B1-30716F9269DD" otype="Legend" vid="3E60B77D-33A4-3ED7-9580-F275A5105B83">
<hideElementsInCurrentOnly>false</hideElementsInCurrentOnly>
<bounds x="10" y="10" width="314" height="146"/>
</OView>
<OView class="oracle.dbtools.crest.swingui.logical.TVEntity" oid="419DA418-1529-4092-1C3C-18522F51F296" otype="Entity" vid="62DBC409-3ECE-1CC8-FB12-318D770EBEE9">
<hideElementsInCurrentOnly>false</hideElementsInCurrentOnly>
<bounds x="39" y="889" width="170" height="110"/>
</OView>
<OView class="oracle.dbtools.crest.swingui.logical.TVEntity" oid="4AE46290-81CA-73C7-56DE-F1FA840A2382" otype="Entity" vid="EFC250E6-6FD0-B2D3-D01F-CF704E06BCC7">
<hideElementsInCurrentOnly>false</hideElementsInCurrentOnly>
<bounds x="291" y="670" width="170" height="121"/>
</OView>
<OView class="oracle.dbtools.crest.swingui.logical.TVEntity" oid="6773A8DD-226A-D1B6-FF81-3616513CC943" otype="Entity" vid="6F296CF5-DC70-E7ED-7276-F0167DCD6992">
<hideElementsInCurrentOnly>false</hideElementsInCurrentOnly>
<bounds x="1253" y="1156" width="170" height="110"/>
</OView>
<OView class="oracle.dbtools.crest.swingui.logical.TVEntity" oid="75A3EC67-BA1D-8D1A-D527-956BE29D288A" otype="Entity" vid="64E29D1F-334D-919D-DFCE-4D6B9A26B401">
<hideElementsInCurrentOnly>false</hideElementsInCurrentOnly>
<bounds x="1136" y="1369" width="170" height="110"/>
</OView>
<OView class="oracle.dbtools.crest.swingui.logical.TVEntity" oid="7EE4DCD0-0562-04C8-3C86-9848528500F5" otype="Entity" vid="D1F70B87-4045-FB2A-4372-7DB4DF1A8329">
<hideElementsInCurrentOnly>false</hideElementsInCurrentOnly>
<bounds x="1201" y="344" width="170" height="110"/>
</OView>
<OView class="oracle.dbtools.crest.swingui.logical.TVEntity" oid="8630FEE1-CE30-148F-ABAB-91699A756BB3" otype="Entity" vid="435B0F1D-CE62-5456-1988-B4B64B047A45">
<hideElementsInCurrentOnly>false</hideElementsInCurrentOnly>
<bounds x="766" y="677" width="170" height="110"/>
</OView>
<OView class="oracle.dbtools.crest.swingui.logical.TVEntity" oid="86DD9720-AFA1-440B-60F0-4F713AA17ECB" otype="Entity" vid="C4E661A0-F8DF-3EEF-E7E6-AD6FD55BB065">
<hideElementsInCurrentOnly>false</hideElementsInCurrentOnly>
<bounds x="45" y="683" width="170" height="110"/>
</OView>
<OView class="oracle.dbtools.crest.swingui.logical.TVEntity" oid="8C6EC708-C5DC-2D2E-F348-1CAA7BC1FECA" otype="Entity" vid="B9009831-3947-7EE6-03BB-8ACE3F2A21DD">
<hideElementsInCurrentOnly>false</hideElementsInCurrentOnly>
<bounds x="60" y="476" width="202" height="110"/>
</OView>
<OView class="oracle.dbtools.crest.swingui.logical.TVEntity" oid="D1325BA5-9E7C-A1A1-1770-B1B159F79827" otype="Entity" vid="0310EC55-645F-DE9C-300E-28E8C17501DB">
<hideElementsInCurrentOnly>false</hideElementsInCurrentOnly>
<bounds x="1253" y="684" width="170" height="110"/>
</OView>
<OView class="oracle.dbtools.crest.swingui.logical.TVEntity" oid="E4A7D940-FFBE-648E-2809-571DAB841C32" otype="Entity" vid="A8FBC55D-AF84-09AD-0153-991CCE85812C">
<hideElementsInCurrentOnly>false</hideElementsInCurrentOnly>
<bounds x="979" y="481" width="170" height="110"/>
</OView>
<OView class="oracle.dbtools.crest.swingui.logical.TVEntity" oid="FD1C7FBD-DFE7-ADD5-CEA9-4C3ED642C26B" otype="Entity" vid="08D05006-F43A-A310-E672-F8144BFBB259">
<hideElementsInCurrentOnly>false</hideElementsInCurrentOnly>
<bounds x="530" y="677" width="170" height="110"/>
</OView>
</objectViews>
<connectors>
<Connector class="oracle.dbtools.crest.swingui.logical.TVRelation" oid="01CAAE83-1C50-0B38-9654-7D0C9686A7E3" otype="Relation" vid_source="08D05006-F43A-A310-E672-F8144BFBB259" vid_target="EFC250E6-6FD0-B2D3-D01F-CF704E06BCC7">
<hideElementsInCurrentOnly>false</hideElementsInCurrentOnly>
<backgroundColor>-16777216</backgroundColor>
<lineWidth>1</lineWidth>
<sourceLabel class="oracle.dbtools.crest.model.design.Label">
<site>0</site>
<labelBounds x="465" y="717" width="59" height="30"/>
<noBackgroundColor>true</noBackgroundColor>
<noForegroundColor>true</noForegroundColor>
</sourceLabel>
<targetLabel class="oracle.dbtools.crest.model.design.Label">
<site>2</site>
<labelBounds x="471" y="750" width="25" height="39"/>
<noBackgroundColor>true</noBackgroundColor>
<noForegroundColor>true</noForegroundColor>
</targetLabel>
<points>
<point x="530" y="747"/>
<point x="461" y="747"/>
</points>
</Connector>
<Connector class="oracle.dbtools.crest.swingui.logical.TVRelation" oid="0B7ACB01-4CC1-B3AF-85A2-F25A3335521A" otype="Relation" vid_source="B9009831-3947-7EE6-03BB-8ACE3F2A21DD" vid_target="C4E661A0-F8DF-3EEF-E7E6-AD6FD55BB065">
<hideElementsInCurrentOnly>false</hideElementsInCurrentOnly>
<backgroundColor>-16777216</backgroundColor>
<lineWidth>1</lineWidth>
<sourceLabel class="oracle.dbtools.crest.model.design.Label">
<site>0</site>
<labelBounds x="137" y="630" width="38" height="30"/>
<noBackgroundColor>true</noBackgroundColor>
<noForegroundColor>true</noForegroundColor>
</sourceLabel>
<targetLabel class="oracle.dbtools.crest.model.design.Label">
<site>2</site>
<labelBounds x="137" y="639" width="18" height="30"/>
<noBackgroundColor>true</noBackgroundColor>
<noForegroundColor>true</noForegroundColor>
</targetLabel>
<points>
<point x="137" y="586"/>
<point x="137" y="683"/>
</points>
</Connector>
<Connector class="oracle.dbtools.crest.swingui.logical.TVRelation" oid="0CEC3183-B197-6F5C-3CAB-0E910892B1FE" otype="Relation" vid_source="6F296CF5-DC70-E7ED-7276-F0167DCD6992" vid_target="2F781E3B-F46B-C493-44E2-80E86758D094">
<hideElementsInCurrentOnly>false</hideElementsInCurrentOnly>
<backgroundColor>-16777216</backgroundColor>
<lineWidth>1</lineWidth>
<sourceLabel class="oracle.dbtools.crest.model.design.Label">
<site>0</site>
<labelBounds x="1339" y="1120" width="44" height="30"/>
<noBackgroundColor>true</noBackgroundColor>
<noForegroundColor>true</noForegroundColor>
</sourceLabel>
<targetLabel class="oracle.dbtools.crest.model.design.Label">
<site>2</site>
<labelBounds x="1339" y="1098" width="18" height="30"/>
<noBackgroundColor>true</noBackgroundColor>
<noForegroundColor>true</noForegroundColor>
</targetLabel>
<points>
<point x="1339" y="1156"/>
<point x="1339" y="1062"/>
</points>
</Connector>
<Connector class="oracle.dbtools.crest.swingui.logical.TVRelation" oid="1B0F915C-7DD7-A79C-C0CA-41E610D8F638" otype="Relation" vid_source="C73F6E8D-B2D5-0B99-3E45-2FB63F584F15" vid_target="D1F70B87-4045-FB2A-4372-7DB4DF1A8329">
<hideElementsInCurrentOnly>false</hideElementsInCurrentOnly>
<backgroundColor>-16777216</backgroundColor>
<lineWidth>1</lineWidth>
<sourceLabel class="oracle.dbtools.crest.model.design.Label">
<site>0</site>
<labelBounds x="1406" y="507" width="45" height="33"/>
<noBackgroundColor>true</noBackgroundColor>
<noForegroundColor>true</noForegroundColor>
</sourceLabel>
<targetLabel class="oracle.dbtools.crest.model.design.Label">
<site>2</site>
<labelBounds x="1350" y="501" width="16" height="31"/>
<noBackgroundColor>true</noBackgroundColor>
<noForegroundColor>true</noForegroundColor>
</targetLabel>
<points>
<point x="1457" y="540"/>
<point x="1350" y="540"/>
<point x="1350" y="454"/>
</points>
</Connector>
<Connector class="oracle.dbtools.crest.swingui.logical.TVRelation" oid="1F93E81C-3B39-2564-75A1-7EAF26A1C908" otype="Relation" vid_source="64E29D1F-334D-919D-DFCE-4D6B9A26B401" vid_target="6F296CF5-DC70-E7ED-7276-F0167DCD6992">
<hideElementsInCurrentOnly>false</hideElementsInCurrentOnly>
<backgroundColor>-16777216</backgroundColor>
<lineWidth>1</lineWidth>
<sourceLabel class="oracle.dbtools.crest.model.design.Label">
<site>0</site>
<labelBounds x="1294" y="1333" width="66" height="30"/>
<noBackgroundColor>true</noBackgroundColor>
<noForegroundColor>true</noForegroundColor>
</sourceLabel>
<targetLabel class="oracle.dbtools.crest.model.design.Label">
<site>2</site>
<labelBounds x="1294" y="1310" width="18" height="30"/>
<noBackgroundColor>true</noBackgroundColor>
<noForegroundColor>true</noForegroundColor>
</targetLabel>
<points>
<point x="1294" y="1369"/>
<point x="1294" y="1266"/>
</points>
</Connector>
<Connector class="oracle.dbtools.crest.swingui.logical.TVRelation" oid="2A716006-85BE-6C84-B0B0-E29E873265C9" otype="Relation" vid_source="435B0F1D-CE62-5456-1988-B4B64B047A45" vid_target="62DBC409-3ECE-1CC8-FB12-318D770EBEE9">
<hideElementsInCurrentOnly>false</hideElementsInCurrentOnly>
<backgroundColor>-16777216</backgroundColor>
<lineWidth>1</lineWidth>
<sourceLabel class="oracle.dbtools.crest.model.design.Label">
<site>0</site>
<labelBounds x="838" y="823" width="56" height="30"/>
<noBackgroundColor>true</noBackgroundColor>
<noForegroundColor>true</noForegroundColor>
</sourceLabel>
<targetLabel class="oracle.dbtools.crest.model.design.Label">
<site>2</site>
<labelBounds x="219" y="921" width="18" height="30"/>
<noBackgroundColor>true</noBackgroundColor>
<noForegroundColor>true</noForegroundColor>
</targetLabel>
<points>
<point x="838" y="787"/>
<point x="838" y="918"/>
<point x="209" y="918"/>
</points>
</Connector>
<Connector class="oracle.dbtools.crest.swingui.logical.TVRelation" oid="4D80C01F-1B5A-87D4-76FA-17B5467F0E14" otype="Relation" vid_source="C919F501-09E9-6932-2503-0361250E5E1F" vid_target="6F296CF5-DC70-E7ED-7276-F0167DCD6992">
<hideElementsInCurrentOnly>false</hideElementsInCurrentOnly>
<backgroundColor>-16777216</backgroundColor>
<lineWidth>1</lineWidth>
<sourceLabel class="oracle.dbtools.crest.model.design.Label">
<site>0</site>
<labelBounds x="1385" y="1335" width="71" height="30"/>
<noBackgroundColor>true</noBackgroundColor>
<noForegroundColor>true</noForegroundColor>
</sourceLabel>
<targetLabel class="oracle.dbtools.crest.model.design.Label">
<site>2</site>
<labelBounds x="1385" y="1318" width="18" height="30"/>
<noBackgroundColor>true</noBackgroundColor>
<noForegroundColor>true</noForegroundColor>
</targetLabel>
<points>
<point x="1385" y="1371"/>
<point x="1385" y="1266"/>
</points>
</Connector>
<Connector class="oracle.dbtools.crest.swingui.logical.TVRelation" oid="59DB5A73-6BDD-F13D-A5D2-104713C4EF98" otype="Relation" vid_source="435B0F1D-CE62-5456-1988-B4B64B047A45" vid_target="25133F50-908E-F23C-46A0-6B165705AA9C">
<hideElementsInCurrentOnly>false</hideElementsInCurrentOnly>
<backgroundColor>-16777216</backgroundColor>
<lineWidth>1</lineWidth>
<sourceLabel class="oracle.dbtools.crest.model.design.Label">
<site>0</site>
<labelBounds x="946" y="696" width="34" height="36"/>
<noBackgroundColor>true</noBackgroundColor>
<noForegroundColor>true</noForegroundColor>
</sourceLabel>
<targetLabel class="oracle.dbtools.crest.model.design.Label">
<site>2</site>
<labelBounds x="971" y="735" width="18" height="30"/>
<noBackgroundColor>true</noBackgroundColor>
<noForegroundColor>true</noForegroundColor>
</targetLabel>
<points>
<point x="936" y="732"/>
<point x="995" y="732"/>
</points>
</Connector>
<Connector class="oracle.dbtools.crest.swingui.logical.TVRelation" oid="85951DE8-0D60-4FAF-139B-D1D3A944F771" otype="Relation" vid_source="109F30FF-40AD-9888-412C-E644BB662A77" vid_target="A8FBC55D-AF84-09AD-0153-991CCE85812C">
<hideElementsInCurrentOnly>false</hideElementsInCurrentOnly>
<backgroundColor>-16777216</backgroundColor>
<lineWidth>1</lineWidth>
<sourceLabel class="oracle.dbtools.crest.model.design.Label">
<site>0</site>
<labelBounds x="520" y="505" width="66" height="30"/>
<noBackgroundColor>true</noBackgroundColor>
<noForegroundColor>true</noForegroundColor>
</sourceLabel>
<targetLabel class="oracle.dbtools.crest.model.design.Label">
<site>2</site>
<labelBounds x="955" y="538" width="18" height="30"/>
<noBackgroundColor>true</noBackgroundColor>
<noForegroundColor>true</noForegroundColor>
</targetLabel>
<points>
<point x="510" y="535"/>
<point x="979" y="535"/>
</points>
</Connector>
<Connector class="oracle.dbtools.crest.swingui.logical.TVRelation" oid="8D64F347-BA10-1765-3441-BFF7ECB8F44C" otype="Relation" vid_source="A8FBC55D-AF84-09AD-0153-991CCE85812C" vid_target="D1F70B87-4045-FB2A-4372-7DB4DF1A8329">
<hideElementsInCurrentOnly>false</hideElementsInCurrentOnly>
<backgroundColor>-16777216</backgroundColor>
<lineWidth>1</lineWidth>
<sourceLabel class="oracle.dbtools.crest.model.design.Label">
<site>0</site>
<labelBounds x="1159" y="510" width="64" height="33"/>
<noBackgroundColor>true</noBackgroundColor>
<noForegroundColor>true</noForegroundColor>
</sourceLabel>
<targetLabel class="oracle.dbtools.crest.model.design.Label">
<site>2</site>
<labelBounds x="1246" y="493" width="18" height="30"/>
<noBackgroundColor>true</noBackgroundColor>
<noForegroundColor>true</noForegroundColor>
</targetLabel>
<points>
<point x="1149" y="543"/>
<point x="1246" y="543"/>
<point x="1246" y="454"/>
</points>
</Connector>
<Connector class="oracle.dbtools.crest.swingui.logical.TVRelation" oid="8FDD9B10-5DA6-99C0-27DE-24AE3C5E270D" otype="Relation" vid_source="B9009831-3947-7EE6-03BB-8ACE3F2A21DD" vid_target="109F30FF-40AD-9888-412C-E644BB662A77">
<hideElementsInCurrentOnly>false</hideElementsInCurrentOnly>
<backgroundColor>-16777216</backgroundColor>
<lineWidth>1</lineWidth>
<sourceLabel class="oracle.dbtools.crest.model.design.Label">
<site>0</site>
<labelBounds x="272" y="503" width="51" height="30"/>
<noBackgroundColor>true</noBackgroundColor>
<noForegroundColor>true</noForegroundColor>
</sourceLabel>
<targetLabel class="oracle.dbtools.crest.model.design.Label">
<site>2</site>
<labelBounds x="313" y="536" width="18" height="30"/>
<noBackgroundColor>true</noBackgroundColor>
<noForegroundColor>true</noForegroundColor>
</targetLabel>
<points>
<point x="262" y="533"/>
<point x="337" y="533"/>
</points>
</Connector>
<Connector class="oracle.dbtools.crest.swingui.logical.TVRelation" oid="9D31722E-3CD1-17BF-BEBC-C6CF87FB8E01" otype="Relation" vid_source="C4E661A0-F8DF-3EEF-E7E6-AD6FD55BB065" vid_target="62DBC409-3ECE-1CC8-FB12-318D770EBEE9">
<hideElementsInCurrentOnly>false</hideElementsInCurrentOnly>
<backgroundColor>-16777216</backgroundColor>
<lineWidth>1</lineWidth>
<sourceLabel class="oracle.dbtools.crest.model.design.Label">
<site>0</site>
<labelBounds x="127" y="829" width="52" height="30"/>
<noBackgroundColor>true</noBackgroundColor>
<noForegroundColor>true</noForegroundColor>
</sourceLabel>
<targetLabel class="oracle.dbtools.crest.model.design.Label">
<site>2</site>
<labelBounds x="127" y="845" width="18" height="30"/>
<noBackgroundColor>true</noBackgroundColor>
<noForegroundColor>true</noForegroundColor>
</targetLabel>
<points>
<point x="127" y="793"/>
<point x="127" y="889"/>
</points>
</Connector>
<Connector class="oracle.dbtools.crest.swingui.logical.TVRelation" oid="9F06AA67-1762-1518-539D-9D9139442010" otype="Relation" vid_source="08D05006-F43A-A310-E672-F8144BFBB259" vid_target="435B0F1D-CE62-5456-1988-B4B64B047A45">
<hideElementsInCurrentOnly>false</hideElementsInCurrentOnly>
<backgroundColor>-16777216</backgroundColor>
<lineWidth>1</lineWidth>
<sourceLabel class="oracle.dbtools.crest.model.design.Label">
<site>0</site>
<labelBounds x="710" y="697" width="56" height="35"/>
<noBackgroundColor>true</noBackgroundColor>
<noForegroundColor>true</noForegroundColor>
</sourceLabel>
<targetLabel class="oracle.dbtools.crest.model.design.Label">
<site>2</site>
<labelBounds x="739" y="735" width="21" height="32"/>
<noBackgroundColor>true</noBackgroundColor>
<noForegroundColor>true</noForegroundColor>
</targetLabel>
<points>
<point x="700" y="732"/>
<point x="766" y="732"/>
</points>
</Connector>
<Connector class="oracle.dbtools.crest.swingui.logical.TVRelation" oid="A48C5F68-B8A0-DA3B-C7C7-17739C3AC388" otype="Relation" vid_source="C4E661A0-F8DF-3EEF-E7E6-AD6FD55BB065" vid_target="EFC250E6-6FD0-B2D3-D01F-CF704E06BCC7">
<hideElementsInCurrentOnly>false</hideElementsInCurrentOnly>
<backgroundColor>-16777216</backgroundColor>
<lineWidth>1</lineWidth>
<sourceLabel class="oracle.dbtools.crest.model.design.Label">
<site>0</site>
<labelBounds x="225" y="692" width="56" height="30"/>
<noBackgroundColor>true</noBackgroundColor>
<noForegroundColor>true</noForegroundColor>
</sourceLabel>
<targetLabel class="oracle.dbtools.crest.model.design.Label">
<site>2</site>
<labelBounds x="267" y="725" width="18" height="30"/>
<noBackgroundColor>true</noBackgroundColor>
<noForegroundColor>true</noForegroundColor>
</targetLabel>
<points>
<point x="215" y="722"/>
<point x="291" y="722"/>
</points>
</Connector>
<Connector class="oracle.dbtools.crest.swingui.logical.TVRelation" oid="BF99B2BC-909C-A6A5-EDE4-6F00EA0DD42C" otype="Relation" vid_source="EFC250E6-6FD0-B2D3-D01F-CF704E06BCC7" vid_target="2F781E3B-F46B-C493-44E2-80E86758D094">
<hideElementsInCurrentOnly>false</hideElementsInCurrentOnly>
<backgroundColor>-16777216</backgroundColor>
<lineWidth>1</lineWidth>
<sourceLabel class="oracle.dbtools.crest.model.design.Label">
<site>0</site>
<labelBounds x="383" y="843" width="18" height="30"/>
<noBackgroundColor>true</noBackgroundColor>
<noForegroundColor>true</noForegroundColor>
</sourceLabel>
<targetLabel class="oracle.dbtools.crest.model.design.Label">
<site>2</site>
<labelBounds x="1194" y="1031" width="55" height="30"/>
<noBackgroundColor>true</noBackgroundColor>
<noForegroundColor>true</noForegroundColor>
</targetLabel>
<points>
<point x="383" y="791"/>
<point x="383" y="1028"/>
<point x="1255" y="1028"/>
</points>
</Connector>
<Connector class="oracle.dbtools.crest.swingui.logical.TVRelation" oid="C30B6F23-23C0-3EF1-D0C2-CB576854ECDE" otype="Relation" vid_source="A8FBC55D-AF84-09AD-0153-991CCE85812C" vid_target="25133F50-908E-F23C-46A0-6B165705AA9C">
<hideElementsInCurrentOnly>false</hideElementsInCurrentOnly>
<backgroundColor>-16777216</backgroundColor>
<lineWidth>1</lineWidth>
<sourceLabel class="oracle.dbtools.crest.model.design.Label">
<site>0</site>
<labelBounds x="1072" y="627" width="55" height="30"/>
<noBackgroundColor>true</noBackgroundColor>
<noForegroundColor>true</noForegroundColor>
</sourceLabel>
<targetLabel class="oracle.dbtools.crest.model.design.Label">
<site>2</site>
<labelBounds x="1072" y="627" width="18" height="30"/>
<noBackgroundColor>true</noBackgroundColor>
<noForegroundColor>true</noForegroundColor>
</targetLabel>
<points>
<point x="1072" y="591"/>
<point x="1072" y="671"/>
</points>
</Connector>
<Connector class="oracle.dbtools.crest.swingui.logical.TVRelation" oid="DBEBE088-38FC-8E11-CEF8-CA927338B5AC" otype="Relation" vid_source="2F781E3B-F46B-C493-44E2-80E86758D094" vid_target="0310EC55-645F-DE9C-300E-28E8C17501DB">
<hideElementsInCurrentOnly>false</hideElementsInCurrentOnly>
<backgroundColor>-16777216</backgroundColor>
<lineWidth>1</lineWidth>
<sourceLabel class="oracle.dbtools.crest.model.design.Label">
<site>0</site>
<labelBounds x="1354" y="915" width="50" height="30"/>
<noBackgroundColor>true</noBackgroundColor>
<noForegroundColor>true</noForegroundColor>
</sourceLabel>
<targetLabel class="oracle.dbtools.crest.model.design.Label">
<site>2</site>
<labelBounds x="1354" y="830" width="18" height="30"/>
<noBackgroundColor>true</noBackgroundColor>
<noForegroundColor>true</noForegroundColor>
</targetLabel>
<points>
<point x="1354" y="959"/>
<point x="1354" y="794"/>
</points>
</Connector>
<Connector class="oracle.dbtools.crest.swingui.logical.TVRelation" oid="EF62D266-4FE4-8EB8-6EAB-7BF8466510C0" otype="Relation" vid_source="25133F50-908E-F23C-46A0-6B165705AA9C" vid_target="0310EC55-645F-DE9C-300E-28E8C17501DB">
<hideElementsInCurrentOnly>false</hideElementsInCurrentOnly>
<backgroundColor>-16777216</backgroundColor>
<lineWidth>1</lineWidth>
<sourceLabel class="oracle.dbtools.crest.model.design.Label">
<site>0</site>
<labelBounds x="1175" y="709" width="31" height="30"/>
<noBackgroundColor>true</noBackgroundColor>
<noForegroundColor>true</noForegroundColor>
</sourceLabel>
<targetLabel class="oracle.dbtools.crest.model.design.Label">
<site>2</site>
<labelBounds x="1229" y="742" width="18" height="30"/>
<noBackgroundColor>true</noBackgroundColor>
<noForegroundColor>true</noForegroundColor>
</targetLabel>
<points>
<point x="1165" y="739"/>
<point x="1253" y="739"/>
</points>
</Connector>
<Connector class="oracle.dbtools.crest.swingui.logical.TVRelation" oid="FB04804B-BDA9-E685-D208-A2DD456DAA02" otype="Relation" vid_source="25133F50-908E-F23C-46A0-6B165705AA9C" vid_target="62DBC409-3ECE-1CC8-FB12-318D770EBEE9">
<hideElementsInCurrentOnly>false</hideElementsInCurrentOnly>
<backgroundColor>-16777216</backgroundColor>
<lineWidth>1</lineWidth>
<sourceLabel class="oracle.dbtools.crest.model.design.Label">
<site>0</site>
<labelBounds x="1055" y="869" width="59" height="30"/>
<noBackgroundColor>true</noBackgroundColor>
<noForegroundColor>true</noForegroundColor>
</sourceLabel>
<targetLabel class="oracle.dbtools.crest.model.design.Label">
<site>2</site>
<labelBounds x="219" y="942" width="18" height="30"/>
<noBackgroundColor>true</noBackgroundColor>
<noForegroundColor>true</noForegroundColor>
</targetLabel>
<points>
<point x="1055" y="833"/>
<point x="1055" y="939"/>
<point x="209" y="939"/>
</points>
</Connector>
</connectors>
</Diagram>
